Video Id,Title,Transcript
e68qcNDoSNQ,"Geoguessr, but UWaterloo!?",[]
Ptg22e6uwS4,Canada's Wonderland ðŸŽ¢ Wait Times in 2025,[]
SVyPUNIch4E,Golf and Beach ft. many people,[]
v7yqNW-Ps9E,How much I got paid to work at Veld,[]
1IL1tpzwz8c,Working at VELD 2025,[]
5WfwTfvwQ-Q,My last night at the Toronto Outdoor Picture Show,[]
WlyDB4JiUS8,Scarborough Bluffs and South Asia Festival Volunteering,[]
DAZSjFC8jZ4,Dragon Boat Volunteering & Coldplay!,[]
BED84wSggUQ,Volunteering at Double Take Thrift in Toronto,[]
KMBtGNrB03U,Volunteering at the Toronto Outdoor Picture Show,[]
YtBBmGPw8T0,10 minutes of Charles Barkley getting things dropped on him,[]
IyowVdROQoE,playboy gibbi,[]
Wq0oOGMpsHU,Remembrance - Destiny Montage,[]
bH2Uv4IotLs,Epic - Destiny Montage,[]
